가게명,대분류,중분류,소분류,mean_score,주소,Latitude,Longitude,total review,good service,bad service,good traffic,bad traffic,good cost,bad cost,good taste,bad taste,good_senti,bad_senti
상춘재,식당,한식,"돌문어 비빔밥, 게장",4.1,제주특별자치도 제주시 조천읍 선진길 26,33.4586588,126.70484350000001,355.0,100.0,0.0,0.0,0.0,67.0,33.0,75.0,25.0,3.0,1.0
남양수산,식당,일식,"회, 고등어",4.6,제주특별자치도 서귀포시 성산읍 고성동서로56번길 11,33.4501348,126.9142244,108.0,50.0,50.0,0.0,0.0,100.0,0.0,77.0,23.0,3.0,1.0
선흘곶,식당,한식,정통 한정식,4.5,제주특별자치도 제주시 조천읍 동백로 102,33.508187400000004,126.718049,163.0,20.0,80.0,0.0,0.0,25.0,75.0,80.0,20.0,2.0,2.0
스시호시카이,식당,일식,"회, 초밥, 오마카세",4.6,제주특별자치도 제주시 오남로 90,33.4812863,126.51676859999999,105.0,0.0,100.0,0.0,0.0,100.0,0.0,77.0,23.0,2.0,2.0
미영이네식당,식당,일식,"회, 고등어, 방어, 참치",4.5,제주특별자치도 서귀포시 대정읍 하모항구로 42,33.2176507,126.2499045,311.0,0.0,0.0,0.0,0.0,75.0,25.0,59.0,41.0,2.0,1.0
오드랑베이커리,카페,-,-,4.0,제주특별자치도 제주시 조천읍 조함해안로 552-3,33.5424691,126.6718069,592.0,25.0,75.0,0.0,0.0,20.0,80.0,59.0,41.0,1.0,2.0
송림반점,식당,중식,"정통 중식, 일반 중식",4.3,제주특별자치도 제주시 관덕로 2-1,33.5124146,126.5198134,74.0,0.0,0.0,100.0,0.0,100.0,0.0,31.0,69.0,3.0,1.0
피어22,식당,일식,"딱새우, 해산물",4.0,제주특별자치도 제주시 한림읍 금능7길 22 금능어촌계복지회관 잠녀의집,33.3899106,126.2278403,132.0,100.0,0.0,0.0,0.0,40.0,60.0,43.0,57.0,2.0,1.0
카페태희,카페,-,-,4.4,제주특별자치도 제주시 애월읍 곽지3길 27,33.449350800000005,126.3044233,119.0,0.0,0.0,100.0,0.0,0.0,100.0,80.0,20.0,2.0,2.0
커피파인더,카페,-,-,4.4,제주특별자치도 제주시 서광로32길 20,33.498581099999996,126.5287567,116.0,100.0,0.0,0.0,0.0,100.0,0.0,88.0,12.0,4.0,0.0
밀리우,식당,양식,"프랑스 음식, 스테이크",4.6,제주특별자치도 서귀포시 표선면 민속해안로 537 1F,33.3234478,126.84477959999998,505.0,97.0,3.0,0.0,0.0,60.0,40.0,78.0,22.0,3.0,1.0
엄마손횟집,식당,일식,"해산물, 회",4.5,제주특별자치도 제주시 연동3길 35,33.486674199999996,126.48816869999999,113.0,0.0,0.0,0.0,0.0,50.0,50.0,73.0,27.0,2.0,1.0
숙성도,식당,한식,흑돼지,4.4,제주특별자치도 서귀포시 일주서로 966,33.2584326,126.4353135,436.0,83.0,17.0,0.0,0.0,67.0,33.0,67.0,33.0,3.0,1.0
우진해장국,식당,한식,"고사리육개장, 몸국",4.4,제주특별자치도 제주시 서사로 11,33.5056978,126.52129450000001,1340.0,45.0,55.0,100.0,0.0,100.0,0.0,57.0,43.0,4.0,1.0
명진전복,식당,한식,"전복, 돌솥밥, 해산물",4.4,제주특별자치도 제주시 구좌읍 해맞이해안로 1282,33.5324227,126.8498541,722.0,100.0,0.0,0.0,0.0,50.0,50.0,63.0,37.0,3.0,1.0
신산리마을카페,카페,-,-,4.4,제주특별자치도 서귀포시 성산읍 환해장성로 33,33.3873953,126.89171999999999,92.0,0.0,0.0,0.0,0.0,100.0,0.0,56.0,44.0,2.0,1.0
곰막,식당,일식,"회, 해산물, 고등어",4.0,제주특별자치도 제주시 구좌읍 구좌해안로 64,33.556821,126.72050300000001,374.0,71.0,29.0,0.0,0.0,100.0,0.0,90.0,10.0,3.0,0.0
국수만찬,식당,한식,고기국수,4.4,제주특별자치도 제주시 은남3길 1,33.4871347,126.4955611,181.0,100.0,0.0,0.0,0.0,100.0,0.0,73.0,27.0,3.0,0.0
중문수두리보말칼국수,식당,한식,칼국수,4.4,제주특별자치도 서귀포시 천제연로 190,33.2515765,126.42496509999998,372.0,92.0,8.0,100.0,0.0,100.0,0.0,71.0,29.0,5.0,0.0
천짓골식당,식당,한식,"돔베고기, 몸국, 수육",3.9,제주특별자치도 서귀포시 중앙로41번길 4,33.2482417,126.56136770000002,174.0,60.0,40.0,100.0,0.0,100.0,0.0,46.0,54.0,4.0,1.0
그리운바다성산포,식당,한식,"고등어, 갈치, 게장",4.4,제주특별자치도 서귀포시 성산읍 성산등용로 94,33.4697602,126.93005459999999,1094.0,96.0,4.0,0.0,0.0,70.0,30.0,82.0,18.0,3.0,1.0
진아떡집,카페,-,-,4.1,제주특별자치도 제주시 동문로4길 7-1,33.512368800000004,126.5284577,298.0,100.0,0.0,100.0,0.0,100.0,0.0,64.0,36.0,5.0,0.0
애월리안,식당,양식,"이탈리아 음식, 해산물 스튜",4.4,제주특별자치도 제주시 애월읍 애원로 4,33.4640331,126.31983629999999,883.0,96.0,4.0,0.0,0.0,83.0,17.0,76.0,24.0,3.0,1.0
닻,식당,일식,"이자카야, 딱새우회",4.4,제주특별자치도 제주시 애월읍 가문동길 41-2,33.486087899999994,126.3921047,101.0,100.0,0.0,0.0,0.0,0.0,100.0,42.0,58.0,2.0,2.0
미친부엌,식당,중식,"정통중식, 초밥, 짬뽕",4.4,제주특별자치도 제주시 중앙로3길 4,33.5158227,126.5252682,126.0,67.0,33.0,0.0,0.0,100.0,0.0,23.0,77.0,2.0,1.0
더꽃돈,식당,한식,흑돼지,3.9,제주특별자치도 제주시 한림읍 한림로 328,33.3928191,126.2400862,140.0,82.0,18.0,100.0,0.0,100.0,0.0,53.0,47.0,4.0,1.0
운산식당,식당,한식,삼겹살,4.5,제주특별자치도 제주시 북성로 28,33.5159338,126.521961,52.0,100.0,0.0,0.0,0.0,0.0,0.0,80.0,20.0,2.0,0.0
넉둥베기,식당,한식,"한정식, 정통한식",4.5,제주특별자치도 제주시 서문로 9-1,33.5098237,126.512679,61.0,100.0,0.0,0.0,0.0,100.0,0.0,86.0,14.0,4.0,0.0
육고깃집,식당,한식,"고기요리, 삼겹살",4.2,제주특별자치도 제주시 한림읍 한림중앙로 34,33.411663,126.2651787,69.0,50.0,50.0,0.0,0.0,0.0,0.0,80.0,20.0,2.0,1.0
연리지가든,식당,한식,"고기요리, 삼겹살",4.3,제주특별자치도 제주시 한경면 두조로 190-20,33.3444986,126.2027639,18.0,100.0,0.0,0.0,0.0,0.0,0.0,75.0,25.0,2.0,0.0
상원가든,식당,한식,"갈비, 흑돼지",4.3,제주특별자치도 서귀포시 대정읍 송악관광로 132,33.221748600000005,126.26537409999999,91.0,50.0,50.0,0.0,0.0,100.0,0.0,85.0,15.0,3.0,1.0
TONKATSU 서황,식당,양식,"돈까스, 카츠요리",4.4,제주특별자치도 제주시 애월읍 장소로 205-2,33.4348196,126.38006580000001,162.0,60.0,40.0,0.0,0.0,100.0,0.0,68.0,32.0,3.0,1.0
하찌,식당,일식,"회, 스시",4.5,제주특별자치도 서귀포시 호근남로 180,33.2452489,126.53714040000001,47.0,0.0,0.0,0.0,0.0,0.0,100.0,67.0,33.0,1.0,2.0
표선어촌식당,식당,한식,"돔지리탕, 쥐치",4.3,제주특별자치도 서귀포시 표선면 민속해안로 578-7,33.325243300000004,126.84461850000001,65.0,0.0,0.0,0.0,0.0,100.0,0.0,100.0,0.0,2.0,0.0
범일분식,식당,한식,순대국밥,4.4,제주특별자치도 서귀포시 남원읍 태위로 658,33.2784057,126.7170064,71.0,0.0,0.0,0.0,0.0,0.0,0.0,83.0,17.0,1.0,0.0
비마이게스트,식당,양식,"버거, 샌드위치",4.3,제주특별자치도 제주시 한림읍 한림로 406 1F,33.3979874,126.24561070000001,105.0,100.0,0.0,100.0,0.0,0.0,100.0,88.0,12.0,4.0,1.0
제주약수터,식당,한식,"치킨, 호프",4.5,제주특별자치도 서귀포시 중앙로 35,33.2477094,126.5617231,147.0,83.0,17.0,0.0,0.0,100.0,0.0,75.0,25.0,3.0,1.0
도렐,카페,-,-,4.0,제주특별자치도 서귀포시 성산읍 동류암로 20,33.4500452,126.9184399,116.0,0.0,0.0,0.0,0.0,0.0,100.0,82.0,18.0,1.0,1.0
88돼지,식당,한식,"korean BBQ, 김치찌개, 흑돼지",3.9,제주특별자치도 제주시 제원길 7,33.4892185,126.4896524,102.0,100.0,0.0,0.0,0.0,25.0,75.0,40.0,60.0,2.0,2.0
칠돈가,식당,한식,"흑돼지, 근고기",3.8,제주특별자치도 제주시 남성로 43,33.5041319,126.5128129,315.0,100.0,0.0,100.0,0.0,17.0,83.0,45.0,55.0,3.0,2.0
춘심이네,식당,한식,"한정식, 생선구이, 백반",4.1,제주특별자치도 서귀포시 안덕면 창천중앙로24번길 16,33.264739299999995,126.37058710000001,405.0,100.0,0.0,0.0,0.0,42.0,58.0,69.0,31.0,3.0,1.0
오는정김밥,식당,한식,"김밥, 깻잎김밥",4.1,제주특별자치도 서귀포시 동문로 58,33.2493082,126.56658459999998,226.0,0.0,100.0,0.0,0.0,0.0,0.0,54.0,46.0,1.0,2.0
일통이반,식당,한식,"보말죽, 소주방",3.8,제주특별자치도 제주시 중앙로2길 19,33.5168537,126.52289569999999,229.0,71.0,29.0,0.0,0.0,75.0,25.0,68.0,32.0,3.0,1.0
마마롱,카페,-,-,4.4,제주특별자치도 제주시 애월읍 평화로 2783,33.4122084,126.39351599999999,89.0,0.0,0.0,0.0,0.0,0.0,0.0,100.0,0.0,1.0,0.0
미남미녀,카페,-,-,4.5,제주특별자치도 서귀포시 색달중앙로55번길 22,33.260187,126.41230630000001,59.0,0.0,0.0,0.0,0.0,0.0,0.0,80.0,20.0,1.0,0.0
바그다드,식당,양식,"인도음식, 카레",4.4,제주특별자치도 제주시 서광로32길 38,33.497485100000006,126.5296932,81.0,100.0,0.0,0.0,0.0,100.0,0.0,38.0,62.0,3.0,1.0
맛나식당,식당,한식,"고등어, 갈치, 백반, 조림",4.0,제주특별자치도 서귀포시 성산읍 동류암로 41,33.4485794,126.9160712,362.0,33.0,67.0,0.0,0.0,79.0,21.0,48.0,52.0,2.0,2.0
친봉산장,카페,-,-,4.2,제주특별자치도 제주시 구좌읍 중산간동로 2281-3,33.47161989999999,126.7864197,45.0,100.0,0.0,0.0,0.0,0.0,100.0,0.0,100.0,1.0,2.0
어우늘,식당,한식,"전복요리, 게장, 전복죽",4.3,제주특별자치도 제주시 연북로 222,33.4810532,126.50498770000002,77.0,86.0,14.0,100.0,0.0,0.0,0.0,73.0,27.0,3.0,1.0
섭지코지로,식당,한식,"딱새우, 해산물",4.3,제주특별자치도 서귀포시 성산읍 섭지코지로 43,33.438515100000004,126.9214068,279.0,29.0,71.0,0.0,0.0,100.0,0.0,82.0,18.0,3.0,1.0
원더먼트제주 (휴업중),카페,-,-,4.2,제주특별자치도 제주시 조천읍 신북로 163,33.538670399999994,126.64584350000001,34.0,100.0,0.0,0.0,0.0,0.0,0.0,0.0,100.0,1.0,1.0
만선식당,식당,일식,"횟집, 고등어",3.9,제주특별자치도 서귀포시 대정읍 하모항구로 44,33.2178539,126.2499284,159.0,50.0,50.0,0.0,0.0,100.0,0.0,85.0,15.0,3.0,1.0
무거버거,식당,양식,"버거, 수제버거, 샌드위치",4.3,제주특별자치도 제주시 조천읍 조함해안로 356,33.544036600000005,126.6537771,-,-,-,-,-,-,-,-,-,-,-
포도호텔레스토랑,식당,한식,"백반, 우동, 새우튀김",4.5,제주특별자치도 서귀포시 안덕면 산록남로 863,33.305353499999995,126.39373459999999,35.0,0.0,100.0,0.0,0.0,0.0,100.0,38.0,62.0,0.0,3.0
제주맥주,식당,한식,"치킨, 호프",4.3,제주특별자치도 제주시 한림읍 금능농공길 62-11,33.3586429,126.24155449999999,1810.0,77.0,23.0,50.0,50.0,45.0,55.0,53.0,47.0,3.0,2.0
뽈살집,식당,한식,"뽈살, 특수부위, 돼지고기",3.9,제주특별자치도 서귀포시 중정로91번길 37,33.2506684,126.5632005,220.0,100.0,0.0,100.0,0.0,88.0,12.0,69.0,31.0,4.0,1.0
우유부단,카페,-,-,3.8,제주특별자치도 제주시 한림읍 금악동길 38,33.347641100000004,126.3282653,388.0,0.0,100.0,0.0,100.0,27.0,73.0,71.0,29.0,1.0,4.0
더스푼,식당,양식,"이탈리아 음식, 파스타",4.4,제주특별자치도 제주시 구남동1길 45,33.4868872,126.53585430000001,1703.0,90.0,10.0,100.0,0.0,81.0,19.0,68.0,32.0,4.0,1.0
맥파이 브루어리,식당,한식,"치킨, 호프, 피자, 피맥",4.3,제주특별자치도 제주시 동회천1길 23,33.5031946,126.61726680000001,334.0,100.0,0.0,0.0,0.0,100.0,0.0,88.0,12.0,4.0,0.0
서양차관,카페,-,-,4.3,제주특별자치도 서귀포시 보목포로 145,33.2420773,126.6160223,99.0,0.0,0.0,0.0,0.0,0.0,100.0,62.0,38.0,1.0,2.0
은희네해장국,식당,한식,"한식, 해장국, 탕, 전골",4.2,제주특별자치도 제주시 고마로13길 8,33.5085228,126.5408037,70.0,100.0,0.0,0.0,0.0,100.0,0.0,60.0,40.0,3.0,0.0
보롬왓 카페,카페,-,-,4.3,제주특별자치도 서귀포시 표선면 번영로 2350-104,33.4136187,126.75277050000001,46.0,0.0,0.0,0.0,0.0,0.0,100.0,100.0,0.0,1.0,1.0
No Lone Zone,카페,-,-,4.4,제주특별자치도 제주시 도령로 50 이화오피스텔 2F,33.4884031,126.4841476,47.0,0.0,0.0,50.0,50.0,0.0,0.0,33.0,67.0,1.0,1.0
제주돈아,식당,한식,"고기요리, 삼겹살",4.2,제주특별자치도 제주시 애월읍 중엄3길 65,33.4778891,126.3700125,72.0,0.0,100.0,0.0,0.0,67.0,33.0,60.0,40.0,2.0,2.0
시골길,식당,한식,"낙지볶음, 소면, 청국장",4.2,제주특별자치도 제주시 연동13길 9,33.4888428,126.494786,128.0,100.0,0.0,0.0,0.0,89.0,11.0,54.0,46.0,3.0,1.0
알동네집,식당,한식,"흑돼지, 고기요리",4.1,제주특별자치도 제주시 한경면 연명로 545,33.316632899999995,126.2675922,125.0,80.0,20.0,0.0,0.0,100.0,0.0,57.0,43.0,3.0,1.0
톰톰카레,식당,한식,"탕, 카레, 찌개, 전골",4.3,제주특별자치도 제주시 구좌읍 평대2길 39-28,33.5355012,126.8389739,115.0,100.0,0.0,0.0,0.0,0.0,0.0,43.0,57.0,2.0,1.0
경일낙지,식당,한식,"낙지볶음, 순두부, 해산물",4.2,제주특별자치도 제주시 다랑곶길 30,33.4884542,126.481045,57.0,0.0,0.0,0.0,100.0,50.0,50.0,50.0,50.0,1.0,2.0
민경이네어등포해녀촌,식당,한식,"한정식, 백반, 정통한식",4.3,제주특별자치도 제주시 구좌읍 행원로13길 131,33.5530908,126.8158105,104.0,0.0,0.0,0.0,0.0,100.0,0.0,62.0,38.0,2.0,0.0
이에르바,카페,-,-,4.3,제주특별자치도 제주시 조천읍 신촌남1길 33-8,33.5274997,126.61894040000001,65.0,100.0,0.0,0.0,0.0,100.0,0.0,75.0,25.0,3.0,0.0
미도리제주,식당,일식,정통일식,4.4,제주특별자치도 제주시 우령4길 5 1F,33.4883674,126.4304547,63.0,75.0,25.0,67.0,33.0,33.0,67.0,75.0,25.0,3.0,2.0
올래국수,식당,한식,"고기국수, 비빔국수",4.1,제주특별자치도 제주시 귀아랑길 24,33.49150039999999,126.4972966,593.0,84.0,16.0,100.0,0.0,96.0,4.0,58.0,42.0,4.0,1.0
수우동,식당,일식,"돈가스, 우동, 정통일식",4.0,제주특별자치도 제주시 한림읍 협재1길 11,33.3965751,126.24251470000002,550.0,56.0,44.0,100.0,0.0,67.0,33.0,25.0,75.0,3.0,2.0
카페가호,카페,-,-,4.2,제주특별자치도 제주시 애월읍 가문동상2길 35,33.484603,126.39063909999999,90.0,100.0,0.0,0.0,0.0,67.0,33.0,33.0,67.0,2.0,1.0
마라도횟집,식당,한식,"방어, 게장, 고등어",4.2,제주특별자치도 제주시 신광로8길 3,33.4868335,126.4895539,73.0,100.0,0.0,100.0,0.0,100.0,0.0,47.0,53.0,4.0,1.0
고등어쌈밥,식당,한식,"고등어, 매운탕, 백반",4.3,제주특별자치도 서귀포시 성산읍 섭지코지로25번길 122-5,33.4494963,126.920717,-,-,-,-,-,-,-,-,-,-,-
이니스프리제주하우스,카페,-,-,4.2,제주특별자치도 서귀포시 안덕면 신화역사로 23,33.3063942,126.2905203,560.0,100.0,0.0,0.0,0.0,25.0,75.0,50.0,50.0,2.0,2.0
고로케야,식당,일식,"고로케, 치즈고로케",4.4,제주특별자치도 제주시 가령골2길 13-20,33.5045596,126.53928390000002,67.0,83.0,17.0,100.0,0.0,0.0,0.0,57.0,43.0,3.0,1.0
라스 또르따스,식당,양식,"남미음식, 부리토, 타코",4.3,제주특별자치도 제주시 애월읍 애월해안로 274 1F,33.462536300000004,126.3099376,94.0,100.0,0.0,0.0,0.0,0.0,100.0,69.0,31.0,2.0,2.0
만세국수,식당,한식,"국밥, 잔치국수, 고기국수",4.3,제주특별자치도 제주시 오라로 156,33.494257899999994,126.5192756,127.0,0.0,0.0,0.0,0.0,67.0,33.0,56.0,44.0,2.0,1.0
귤하르방,카페,-,-,4.1,제주특별자치도 제주시 동문로 16,33.511745,126.5352249,60.0,100.0,0.0,0.0,0.0,0.0,0.0,60.0,40.0,2.0,0.0
새빌카페,카페,-,-,4.2,제주특별자치도 제주시 애월읍 평화로 1529,33.3643469,126.36313340000001,247.0,100.0,0.0,0.0,0.0,0.0,100.0,67.0,33.0,2.0,2.0
마고,카페,-,-,4.3,제주특별자치도 서귀포시 표선면 민속해안로 537 1F,33.3234478,126.84477959999998,54.0,0.0,0.0,0.0,0.0,33.0,67.0,100.0,0.0,2.0,1.0
시스터필드,카페,-,-,4.2,제주특별자치도 서귀포시 월드컵로 8,33.248957399999995,126.50734380000002,154.0,0.0,100.0,0.0,0.0,0.0,100.0,92.0,8.0,1.0,3.0
해심가든,식당,한식,"고기요리, 생돼지갈비",4.2,제주특별자치도 서귀포시 천제연로 203-4,33.2519011,126.42660749999999,67.0,0.0,0.0,0.0,0.0,100.0,0.0,62.0,38.0,2.0,0.0
다소니,식당,한식,"한정식, 백반, 정통한식",4.2,제주특별자치도 제주시 오남로6길 18-6,33.4909145,126.5171385,52.0,100.0,0.0,0.0,0.0,0.0,100.0,80.0,20.0,2.0,2.0
골막식당,식당,한식,"고기국수, 수육",4.2,제주특별자치도 제주시 천수로 12,33.5024655,126.53846680000001,183.0,75.0,25.0,0.0,0.0,100.0,0.0,53.0,47.0,3.0,1.0
남춘식당,식당,한식,"김밥, 국수, 콩국수",4.2,제주특별자치도 제주시 청귤로 12,33.49965039999999,126.5375918,163.0,0.0,0.0,0.0,0.0,100.0,0.0,83.0,17.0,2.0,0.0
도토리키친,식당,일식,"라멘, 소바, 우동",4.3,제주특별자치도 제주시 북성로 59,33.5153851,126.51866709999999,150.0,0.0,0.0,100.0,0.0,100.0,0.0,82.0,18.0,4.0,0.0
남경미락,식당,일식,"다금바리, 해산물요리",3.8,제주특별자치도 서귀포시 안덕면 사계남로 190-7,33.2302184,126.30894939999999,47.0,100.0,0.0,0.0,0.0,0.0,100.0,71.0,29.0,2.0,2.0
평대스낵,식당,한식,"분식, 떡볶이",4.2,제주특별자치도 제주시 구좌읍 대수길 7,33.535458500000004,126.8393287,124.0,100.0,0.0,0.0,0.0,0.0,100.0,46.0,54.0,2.0,2.0
광동식당,식당,한식,"고기요리, 두루치기, 흑돼지",4.2,제주특별자치도 서귀포시 표선면 세성로 272,33.3291472,126.79832090000001,57.0,100.0,0.0,0.0,0.0,80.0,20.0,56.0,44.0,3.0,1.0
오전열한시,식당,한식,전복요리,4.2,제주특별자치도 서귀포시 상예로 248,33.266723600000006,126.3944186,194.0,100.0,0.0,0.0,0.0,67.0,33.0,36.0,64.0,3.0,1.0
섬오름해물라면,식당,한식,전복요리,4.1,제주특별자치도 제주시 조천읍 조함해안로 355-7,33.5498566,126.65593,58.0,50.0,50.0,0.0,0.0,100.0,0.0,43.0,57.0,2.0,1.0
호자,식당,일식,카츠요리,4.3,제주특별자치도 제주시 구좌읍 세화8길 7 1F,33.5214333,126.8575777,183.0,100.0,0.0,0.0,0.0,86.0,14.0,55.0,45.0,3.0,1.0
플레이스엉물,카페,-,-,4.2,제주특별자치도 제주시 구좌읍 종달논길 92,33.4925079,126.89857099999999,79.0,100.0,0.0,0.0,0.0,100.0,0.0,33.0,67.0,3.0,1.0
광명식당,식당,한식,"순대, 순대국밥, 탕",4.1,제주특별자치도 제주시 동문로4길 9,33.5120807,126.5283388,119.0,0.0,100.0,0.0,0.0,100.0,0.0,36.0,64.0,2.0,2.0
소리원,식당,중식,"정통중식, 찹쌀탕수육",4.2,제주특별자치도 제주시 연동12길 37,33.4824446,126.49324409999998,110.0,0.0,0.0,0.0,0.0,75.0,25.0,9.0,91.0,1.0,1.0
비브레이브,카페,-,-,4.2,제주특별자치도 서귀포시 신서로48번길 66,33.252468199999996,126.5118522,92.0,100.0,0.0,0.0,0.0,100.0,0.0,100.0,0.0,4.0,0.0
파라토도스,식당,양식,"이탈리아 요리, 샹그리아",4.2,제주특별자치도 제주시 한림읍 금능길 87,33.3891272,126.2325092,153.0,60.0,40.0,0.0,0.0,50.0,50.0,46.0,54.0,2.0,2.0
삼영식당,식당,한식,"백반, 몸국",4.3,제주특별자치도 제주시 애월읍 일주서로 6748,33.466277000000005,126.35111140000001,57.0,100.0,0.0,0.0,0.0,0.0,0.0,75.0,25.0,2.0,0.0
테라로사,카페,-,-,3.8,제주특별자치도 서귀포시 칠십리로658번길 27-16,33.2494603,126.6187916,234.0,50.0,50.0,0.0,100.0,100.0,0.0,50.0,50.0,2.0,2.0
유동커피,카페,-,-,4.0,제주특별자치도 서귀포시 태평로 406-2,33.2444906,126.56389920000001,280.0,67.0,33.0,0.0,0.0,92.0,8.0,52.0,48.0,3.0,1.0
블랑로쉐,카페,-,-,3.8,제주특별자치도 제주시 우도면 우도해안길 783,33.5074342,126.954269,319.0,75.0,25.0,0.0,0.0,0.0,100.0,63.0,37.0,2.0,2.0
풍림다방,카페,-,-,3.9,제주특별자치도 제주시 구좌읍 중산간동로 2254,33.4715735,126.78362320000001,593.0,69.0,31.0,100.0,0.0,11.0,89.0,59.0,41.0,3.0,2.0
리치망고,카페,-,-,4.1,제주특별자치도 제주시 애월읍 애월해안로 272,33.4782235,126.3665625,139.0,0.0,100.0,0.0,0.0,50.0,50.0,46.0,54.0,1.0,3.0
버터모닝,카페,-,-,4.2,제주특별자치도 제주시 애월읍 하광로 279,33.462194399999994,126.4227085,85.0,100.0,0.0,0.0,0.0,0.0,0.0,89.0,11.0,2.0,0.0
스시애월,식당,일식,"스시 오마카세, 회",4.3,제주특별자치도 제주시 애월읍 애월로9길 50-3,33.4665125,126.3193173,147.0,0.0,0.0,0.0,0.0,67.0,33.0,75.0,25.0,2.0,1.0
재연식당,식당,한식,"고등어구이, 갈치구이, 정통 한식",4.2,제주특별자치도 제주시 구좌읍 세화3길 27-2,33.526167,126.8560604,203.0,100.0,0.0,0.0,0.0,93.0,7.0,58.0,42.0,3.0,1.0
해월정,식당,한식,"보말칼국수, 국수",3.7,제주특별자치도 제주시 구좌읍 해맞이해안로 2284,33.496845199999996,126.9102077,533.0,53.0,47.0,0.0,0.0,62.0,38.0,68.0,32.0,2.0,1.0
덕인당,카페,-,-,4.1,제주특별자치도 제주시 조천읍 신촌2길 13,33.5318754,126.6188138,105.0,0.0,100.0,0.0,0.0,0.0,0.0,69.0,31.0,1.0,2.0
돌담너머바다,식당,한식,"전복요리, 문어파스타",4.1,제주특별자치도 제주시 한경면 일주서로 4533-19,33.3654338,126.19895559999999,98.0,67.0,33.0,0.0,0.0,75.0,25.0,67.0,33.0,3.0,1.0
바당봉봉,카페,-,-,4.2,제주특별자치도 제주시 구좌읍 해맞이해안로 1170,33.534612100000004,126.8397373,55.0,83.0,17.0,0.0,0.0,50.0,50.0,67.0,33.0,2.0,1.0
올댓제주,식당,한식,"흑돼지, 고로케, 감바스",4.2,제주특별자치도 제주시 중앙로1길 33 1층,33.5162354,126.5284396,28.0,0.0,0.0,0.0,0.0,50.0,50.0,50.0,50.0,1.0,1.0
씨리얼,카페,-,-,4.3,제주특별자치도 제주시 한림읍 명랑로 26 1F,33.414175,126.267655,125.0,100.0,0.0,0.0,0.0,100.0,0.0,41.0,59.0,3.0,1.0
살롱드라방,카페,-,-,4.3,제주특별자치도 제주시 애월읍 하가로 146-9,33.457870799999995,126.3490061,93.0,100.0,0.0,0.0,0.0,0.0,0.0,80.0,20.0,2.0,0.0
와랑와랑,카페,-,-,4.2,제주특별자치도 서귀포시 남원읍 위미중앙로300번길 28,33.2723619,126.67656399999998,59.0,100.0,0.0,0.0,0.0,0.0,0.0,83.0,17.0,2.0,0.0
닐모리동동,식당,양식,"이탈리아 음식, 먹물파스타",4.2,제주특별자치도 제주시 서해안로 452 오다펜션 1F,33.5176911,126.4877067,-,-,-,-,-,-,-,-,-,-,-
털보네고양이,식당,일식,"돈부리, 일식, 흑돼지",4.3,제주특별자치도 서귀포시 남원읍 태위로 381,33.2753832,126.68795959999999,105.0,75.0,25.0,0.0,0.0,100.0,0.0,60.0,40.0,3.0,1.0
봉주르마담,카페,-,-,4.2,제주특별자치도 서귀포시 대청로 33,33.252578899999996,126.50336000000001,140.0,86.0,14.0,0.0,0.0,100.0,0.0,67.0,33.0,3.0,1.0
만월당,식당,한식,"전복요리, 전복리조또",4.2,제주특별자치도 제주시 구좌읍 월정1길 56,33.5561414,126.79303770000001,290.0,100.0,0.0,100.0,0.0,50.0,50.0,46.0,54.0,4.0,1.0
한라산,카페,-,-,4.2,제주특별자치도 제주시 구좌읍 면수1길 48,33.5247614,126.8629928,42.0,0.0,0.0,0.0,0.0,0.0,100.0,100.0,0.0,1.0,1.0
월정리로와,카페,-,-,4.1,제주특별자치도 제주시 구좌읍 해맞이해안로 472,33.5291668,126.8538817,130.0,33.0,67.0,0.0,0.0,0.0,0.0,47.0,53.0,1.0,2.0
솔지식당,식당,한식,"고기요리, 멜조림",4.2,제주특별자치도 제주시 신광로4길 31,33.488813199999996,126.48688020000002,111.0,100.0,0.0,0.0,0.0,0.0,0.0,75.0,25.0,2.0,0.0
941헤르츠,카페,-,-,3.9,제주특별자치도 제주시 원노형로 37 2F,33.4844845,126.4846156,30.0,0.0,0.0,0.0,0.0,100.0,0.0,0.0,0.0,1.0,0.0
카페록록,카페,-,-,4.2,제주특별자치도 제주시 구좌읍 하도서문길 41,33.528835,126.87895300000001,190.0,50.0,50.0,0.0,0.0,0.0,0.0,62.0,38.0,1.0,1.0
카페세바,카페,-,-,4.3,제주특별자치도 제주시 조천읍 선흘동2길 20-9,33.5133995,126.7059905,51.0,100.0,0.0,0.0,0.0,0.0,0.0,50.0,50.0,2.0,1.0
낭뜰에쉼팡,식당,한식,"비빔밥, 된장찌개, 고등어구이",3.8,제주특별자치도 제주시 조천읍 남조로 2343,33.4845921,126.6554822,139.0,50.0,50.0,0.0,0.0,80.0,20.0,77.0,23.0,3.0,1.0
물항식당,식당,한식,"갈치, 게장",4.1,제주특별자치도 제주시 임항로 37-4,33.5169091,126.52914070000001,126.0,0.0,0.0,100.0,0.0,50.0,50.0,67.0,33.0,3.0,1.0
망고레이,카페,-,-,4.0,제주특별자치도 서귀포시 성산읍 신양로 102,33.4364202,126.9206412,19.0,0.0,0.0,0.0,0.0,0.0,0.0,75.0,25.0,1.0,0.0
성읍칠십리식당,식당,한식,"흑돼지, 삼겹살",4.1,제주특별자치도 서귀포시 표선면 성읍정의현로 74,33.3892637,126.80126909999998,80.0,50.0,50.0,0.0,0.0,0.0,100.0,57.0,43.0,1.0,2.0
한림칼국수,식당,한식,"보말칼국수, 닭칼국수",3.8,제주특별자치도 제주시 한림읍 한림해안로 141 1F,33.415570100000004,126.2615642,82.0,100.0,0.0,100.0,0.0,100.0,0.0,50.0,50.0,4.0,1.0
미엘드세화,카페,-,-,4.2,제주특별자치도 제주시 구좌읍 해맞이해안로 1464,33.5244778,126.8618673,99.0,100.0,0.0,0.0,0.0,50.0,50.0,90.0,10.0,3.0,1.0
김희선몸국,식당,한식,"몸국, 한정식, 백반",4.2,제주특별자치도 제주시 흥운길 73,33.5152024,126.514026,299.0,100.0,0.0,100.0,0.0,75.0,25.0,53.0,47.0,4.0,1.0
요요무문,카페,-,-,4.2,제주특별자치도 제주시 구좌읍 해맞이해안로 1102 2F,33.5291668,126.8538817,81.0,0.0,0.0,0.0,0.0,100.0,0.0,100.0,0.0,2.0,0.0
볕이드는곳벧디,카페,-,-,4.1,제주특별자치도 제주시 은수길 65,33.470619,126.4881811,91.0,0.0,0.0,0.0,0.0,0.0,0.0,67.0,33.0,1.0,0.0
그러므로Part2,카페,-,-,4.2,제주특별자치도 제주시 수목원길 16-14,33.4683912,126.4860864,102.0,75.0,25.0,100.0,0.0,0.0,100.0,60.0,40.0,3.0,2.0
고향생각,식당,한식,"국수, 면요리",3.8,제주특별자치도 서귀포시 동문동로 15,33.250152,126.5663433,77.0,0.0,0.0,0.0,0.0,100.0,0.0,75.0,25.0,2.0,0.0
미쿠니,카페,-,-,4.2,제주특별자치도 제주시 서흘길 41,33.5290689,126.58970259999998,114.0,100.0,0.0,100.0,0.0,100.0,0.0,71.0,29.0,5.0,0.0
클랭블루,카페,-,-,4.2,제주특별자치도 제주시 한경면 한경해안로 552-22,33.34398710000001,126.1759253,127.0,86.0,14.0,100.0,0.0,0.0,100.0,82.0,18.0,3.0,2.0
덕승식당,식당,한식,"갈치조림, 우럭매운탕",4.1,제주특별자치도 서귀포시 대정읍 하모항구로 66,33.2192451,126.25134440000001,110.0,100.0,0.0,0.0,0.0,100.0,0.0,62.0,38.0,3.0,0.0
티나케이크,카페,-,-,4.2,제주특별자치도 서귀포시 서문로 61,33.2479438,126.5569732,101.0,0.0,0.0,0.0,0.0,0.0,100.0,50.0,50.0,1.0,2.0
우도왕자,카페,-,-,3.9,제주특별자치도 제주시 우도면 우도해안길 252,33.5074342,126.954269,38.0,100.0,0.0,0.0,0.0,50.0,50.0,100.0,0.0,3.0,1.0
보엠,카페,-,-,4.1,제주특별자치도 제주시 원노형로 102,33.4795281,126.48408090000001,42.0,100.0,0.0,0.0,0.0,100.0,0.0,100.0,0.0,4.0,0.0
안거리밖거리,식당,한식,"한정식, 백반, 정통한식",4.1,제주특별자치도 서귀포시 솔동산로 6-1,33.244278,126.5641506,153.0,0.0,0.0,0.0,0.0,75.0,25.0,67.0,33.0,2.0,1.0
랜디스도넛,카페,-,-,4.1,제주특별자치도 제주시 애월읍 애월로 27-1,33.4630969,126.3173357,352.0,100.0,0.0,0.0,0.0,0.0,100.0,70.0,30.0,2.0,2.0
샤오츠,식당,중식,"중식, 기타 중식",4.2,제주특별자치도 서귀포시 성산읍 동류암로 20 Everything동 1F,33.449939,126.91837959999998,106.0,50.0,50.0,0.0,0.0,50.0,50.0,71.0,29.0,2.0,2.0
난드르바당,식당,한식,고기요리,4.2,제주특별자치도 서귀포시 하예하동로16번길 11-1,33.2346331,126.3712777,169.0,92.0,8.0,0.0,0.0,100.0,0.0,44.0,56.0,3.0,1.0
폼포코식당,식당,일식,"일식, 퓨전일식, 나베",4.2,제주특별자치도 서귀포시 성산읍 동류암로 20,33.4500452,126.9184399,58.0,0.0,0.0,0.0,0.0,100.0,0.0,33.0,67.0,2.0,1.0
제주스,카페,-,-,4.1,제주특별자치도 제주시 동문로 4,33.5128008,126.52694790000001,52.0,100.0,0.0,0.0,0.0,100.0,0.0,100.0,0.0,4.0,0.0
금능낙원,식당,한식,"밀면, 몸국, 흑돼지 불고기",4.1,제주특별자치도 제주시 한림읍 금능길 27,33.3874646,126.2262578,63.0,50.0,50.0,0.0,0.0,100.0,0.0,60.0,40.0,3.0,1.0
웅담,식당,한식,"국수, 면요리",4.2,제주특별자치도 제주시 한림읍 한림로5길 23,33.4146732,126.2613821,48.0,100.0,0.0,0.0,0.0,0.0,100.0,0.0,100.0,1.0,2.0
오설록티뮤지엄,카페,-,-,4.1,제주특별자치도 서귀포시 안덕면 신화역사로 15,33.3058932,126.289534,2727.0,83.0,17.0,67.0,33.0,21.0,79.0,54.0,46.0,3.0,2.0
자매국수,식당,한식,"고기국수, 잔치국수",4.0,제주특별자치도 제주시 탑동로11길 6,33.5111504,126.51856210000001,631.0,89.0,11.0,100.0,0.0,91.0,9.0,45.0,55.0,4.0,1.0
네거리식당,식당,한식,"갈치조림, 갈치국",3.9,제주특별자치도 서귀포시 서문로29번길 20,33.2485206,126.55936200000001,421.0,25.0,75.0,100.0,0.0,50.0,50.0,55.0,45.0,3.0,2.0
애월더선셋,카페,-,-,3.9,제주특별자치도 제주시 애월읍 일주서로 6111,33.4562197,126.3092133,209.0,75.0,25.0,0.0,0.0,20.0,80.0,0.0,100.0,1.0,3.0
이익새양과점,카페,-,-,4.1,제주특별자치도 제주시 한림읍 명월성로 16,33.3632853,126.2589767,217.0,100.0,0.0,0.0,0.0,14.0,86.0,62.0,38.0,2.0,2.0
명랑스낵,식당,한식,"분식, 떡볶이, 한치튀김",3.9,제주특별자치도 제주시 한림읍 한림로 585,33.409282399999995,126.25883119999999,153.0,33.0,67.0,0.0,0.0,45.0,55.0,24.0,76.0,1.0,2.0
니모메빈티지라운지,카페,-,-,4.2,제주특별자치도 제주시 일주서로 7335-8,33.493750399999996,126.43001650000001,110.0,100.0,0.0,0.0,0.0,0.0,0.0,50.0,50.0,2.0,1.0
목포고을,식당,한식,"고기요리, 흑돼지",4.0,제주특별자치도 서귀포시 일주서로 968-5,33.258415899999996,126.4071294,185.0,62.0,38.0,0.0,0.0,14.0,86.0,33.0,67.0,1.0,2.0
제주흑돈세상수라간,식당,한식,흑돼지,4.2,제주특별자치도 서귀포시 중산간동로 8051,33.2639747,126.5566914,125.0,100.0,0.0,0.0,0.0,100.0,0.0,86.0,14.0,4.0,0.0
태광식당,식당,한식,"두루치기, 한치주물럭",3.9,제주특별자치도 제주시 탑동로 144,33.5126043,126.5188652,160.0,0.0,100.0,100.0,0.0,33.0,67.0,56.0,44.0,2.0,3.0
바람벽에흰당나귀,카페,-,-,4.0,제주특별자치도 제주시 구좌읍 동복로 11,33.5538497,126.70766840000002,72.0,0.0,0.0,0.0,100.0,100.0,0.0,50.0,50.0,2.0,2.0
경미네 집,식당,한식,"라면, 해산물 요리",4.0,제주특별자치도 서귀포시 성산읍 일출로 259,33.4612504,126.9334723,132.0,100.0,0.0,0.0,0.0,67.0,33.0,73.0,27.0,3.0,1.0
제주오성,식당,한식,"전복요리, 갈치, 해산물 요리",4.2,제주특별자치도 서귀포시 중문관광로 31,33.2554085,126.41455819999999,1286.0,94.0,6.0,0.0,0.0,79.0,21.0,74.0,26.0,3.0,1.0
핀크스비오토피아,식당,양식,"이탈리안 요리, 코스요리",4.0,제주특별자치도 서귀포시 안덕면 산록남로762번길 79,33.3036005,126.39036000000002,30.0,0.0,0.0,0.0,0.0,0.0,0.0,60.0,40.0,1.0,0.0
탑해장국,식당,한식,"탕, 찌개, 전골",4.1,제주특별자치도 제주시 월랑로 83,33.4917374,126.47244199999999,32.0,0.0,0.0,0.0,0.0,100.0,0.0,67.0,33.0,2.0,0.0
오가네설렁탕,식당,한식,"설렁탕, 전복요리",4.1,제주특별자치도 서귀포시 중산간동로 7738 1F,33.2681801,126.58915640000001,262.0,100.0,0.0,0.0,0.0,71.0,29.0,92.0,8.0,3.0,0.0
공백,카페,-,-,4.1,제주특별자치도 제주시 구좌읍 동복로 83,33.5535179,126.71511740000001,270.0,50.0,50.0,0.0,0.0,20.0,80.0,31.0,69.0,1.0,2.0
아줄레주,카페,-,-,4.2,제주특별자치도 서귀포시 성산읍 신풍하동로19번길 59 나동,33.3643757,126.8395566,162.0,0.0,0.0,0.0,0.0,0.0,0.0,67.0,33.0,1.0,0.0
양가형제,식당,양식,"버거, 수제버거, 샌드위치",4.0,제주특별자치도 제주시 한경면 청수동8길 3,33.3073725,126.25409440000001,203.0,100.0,0.0,0.0,0.0,0.0,100.0,30.0,70.0,2.0,2.0
레이지펌프,카페,-,-,4.1,제주특별자치도 제주시 애월읍 애월북서길 32,33.462809,126.3096777,81.0,0.0,0.0,0.0,0.0,0.0,0.0,50.0,50.0,1.0,1.0
미풍해장국,식당,한식,"해장국, 선지해장국",3.7,제주특별자치도 제주시 중앙로14길 13,33.5112617,126.52292620000001,66.0,0.0,100.0,0.0,0.0,0.0,0.0,17.0,83.0,0.0,2.0
안녕육지사람,식당,양식,"버거, 수제버거, 샌드위치",4.1,제주특별자치도 제주시 우도면 우도해안길 792,33.5151156,126.95724229999999,445.0,90.0,10.0,100.0,0.0,50.0,50.0,58.0,42.0,4.0,1.0
용왕난드르,식당,한식,"보말수제비, 비빔밥, 국수",4.1,제주특별자치도 서귀포시 안덕면 대평감산로 8,33.2354335,126.3670703,53.0,0.0,0.0,0.0,0.0,100.0,0.0,80.0,20.0,2.0,0.0
면뽑는선생만두빚는아내,식당,한식,"밀면, 만두, 전골",4.1,제주특별자치도 제주시 한림읍 한림상로 16,33.404813,126.25712959999998,170.0,50.0,50.0,0.0,0.0,0.0,100.0,58.0,42.0,1.0,2.0
산방식당,식당,한식,"수육, 밀면",3.8,제주특별자치도 서귀포시 대정읍 하모이삼로 62,33.223395000000004,126.2543017,232.0,100.0,0.0,0.0,100.0,50.0,50.0,43.0,57.0,2.0,3.0
사형제횟집,식당,일식,"회, 고등어",4.0,제주특별자치도 제주시 한림읍 한림북동길 2,33.4155004,126.26489280000001,81.0,0.0,0.0,0.0,0.0,100.0,0.0,64.0,36.0,2.0,0.0
옥돔식당,식당,한식,"보말칼국수, 옥돔",3.8,제주특별자치도 서귀포시 대정읍 신영로36번길 62,33.2199418,126.2490877,193.0,0.0,0.0,0.0,0.0,100.0,0.0,50.0,50.0,2.0,1.0
유스커피,카페,-,-,4.3,제주특별자치도 제주시 구산로 54,33.48433,126.5407264,36.0,0.0,100.0,0.0,0.0,100.0,0.0,100.0,0.0,2.0,1.0
스타벅스,카페,-,-,4.1,제주특별자치도 제주시 조천읍 조함해안로 522,33.544036600000005,126.6537771,360.0,100.0,0.0,100.0,0.0,0.0,0.0,53.0,47.0,3.0,1.0
델문도,카페,-,-,3.8,제주특별자치도 제주시 조천읍 조함해안로 519-10,33.5437905,126.66884409999999,1025.0,23.0,77.0,75.0,25.0,13.0,87.0,45.0,55.0,2.0,3.0
깡촌흑돼지,식당,한식,"흑돼지, 고기요리",4.0,제주특별자치도 제주시 조천읍 함덕14길 2,33.5412881,126.6671156,377.0,80.0,20.0,0.0,0.0,40.0,60.0,59.0,41.0,2.0,2.0
가시아방국수,식당,한식,"고기국수, 면요리",4.0,제주특별자치도 서귀포시 성산읍 섭지코지로 10,33.438615999999996,126.91806499999998,405.0,100.0,0.0,0.0,0.0,100.0,0.0,52.0,48.0,3.0,1.0
바다다,카페,-,-,3.7,제주특별자치도 서귀포시 대포로 148-15,33.237888899999994,126.4365638,295.0,75.0,25.0,0.0,0.0,45.0,55.0,46.0,54.0,2.0,2.0
리듬,카페,-,-,4.1,제주특별자치도 제주시 무근성 7길 11,33.5138019,126.51986940000002,65.0,100.0,0.0,100.0,0.0,0.0,0.0,75.0,25.0,3.0,0.0
하하호호,식당,양식,"버거, 샌드위치",4.0,제주특별자치도 제주시 우도면 우도해안길 532,33.5208272,126.948574,306.0,100.0,0.0,0.0,0.0,40.0,60.0,43.0,57.0,2.0,1.0
심바카레,식당,일식,"일본카레, 돈부리",4.1,제주특별자치도 제주시 애월읍 금성5길 44-16,33.448231199999995,126.302319,96.0,100.0,0.0,0.0,0.0,0.0,100.0,67.0,33.0,2.0,2.0
카페공작소,카페,-,-,4.1,제주특별자치도 제주시 구좌읍 해맞이해안로 1446,33.5246476,126.8599392,80.0,100.0,0.0,0.0,0.0,100.0,0.0,80.0,20.0,4.0,0.0
너는파라다이스길리,카페,-,-,4.2,제주특별자치도 제주시 구좌읍 월정1길 65,33.5566513,126.7937413,76.0,50.0,50.0,0.0,0.0,0.0,0.0,50.0,50.0,1.0,1.0
더파크뷰,카페,-,-,4.2,제주특별자치도 서귀포시 중문관광로72번길 75 3F,33.2475582,126.40811609999999,20.0,100.0,0.0,0.0,0.0,0.0,0.0,50.0,50.0,2.0,1.0
지미스,카페,-,-,4.0,제주특별자치도 제주시 우도면 우도해안길 1132,33.4977772,126.9676695,132.0,100.0,0.0,0.0,0.0,0.0,100.0,86.0,14.0,2.0,1.0
스테이굿무드,카페,-,-,3.9,제주특별자치도 제주시 용남1길 32-4,33.5064078,126.513593,50.0,0.0,0.0,100.0,0.0,0.0,100.0,33.0,67.0,2.0,2.0
우정회센터,식당,한식,"꽁치김밥, 회, 해산물 요리",4.0,제주특별자치도 서귀포시 중앙로62번길 18,33.2501708,126.56367859999999,425.0,67.0,33.0,0.0,0.0,85.0,15.0,88.0,12.0,3.0,1.0
커피박물관바움,카페,-,-,4.0,제주특별자치도 서귀포시 성산읍 서성일로1168번길 89-17,33.4398006,126.89911740000001,215.0,100.0,0.0,0.0,0.0,0.0,100.0,69.0,31.0,2.0,2.0
원앤온리,카페,-,-,4.0,제주특별자치도 서귀포시 안덕면 산방로 141,33.23923,126.3192943,587.0,0.0,0.0,100.0,0.0,10.0,90.0,43.0,57.0,2.0,2.0
자매국수 본점,식당,한식,"고기국수, 돔베고기",4.1,제주특별자치도 제주시 일도2동 1034-10,33.5081461,126.53242730000001,64.0,0.0,0.0,100.0,0.0,0.0,100.0,43.0,57.0,2.0,2.0
가시아방,식당,한식,"고기국수, 아강발",3.9,제주특별자치도 서귀포시 성산읍 고성리 528-2,33.4388359,126.91878490000002,59.0,0.0,0.0,0.0,0.0,100.0,0.0,50.0,50.0,2.0,1.0
앤트러사이트 제주한림점,카페,-,-,3.8,제주특별자치도 제주시 한림읍 동명리 1715,33.4076458,126.2581716,36.0,0.0,0.0,0.0,0.0,0.0,0.0,0.0,100.0,0.0,1.0
돈사돈 본관,식당,한식,"근고기, 흑돼지",3.6,제주특별자치도 제주시 노형동 3086-3,33.4788707,126.4640837,58.0,67.0,33.0,0.0,0.0,50.0,50.0,62.0,38.0,2.0,2.0
은희네해장국 본점,식당,한식,"소고기 해장국, 해장국",3.6,제주특별자치도 제주시 일도2동 357-4,33.5085228,126.5408037,30.0,0.0,0.0,0.0,0.0,100.0,0.0,0.0,0.0,1.0,0.0
순옥이네명가,식당,한식,"전복뚝배기, 전복물회",3.6,제주특별자치도 제주시 도두1동 2615-5,33.5055582,126.46506409999998,64.0,50.0,50.0,0.0,0.0,0.0,100.0,29.0,71.0,1.0,3.0
경미네집,식당,한식,"문어라면, 해물라면",3.5,제주특별자치도 서귀포시 성산읍 성산리 145-4,33.4612504,126.9334723,28.0,100.0,0.0,100.0,0.0,0.0,100.0,50.0,50.0,3.0,2.0
리치망고 본점,카페,-,-,3.4,제주특별자치도 제주시 애월읍 고내리 474-1,33.4683713,126.3402434,17.0,0.0,0.0,0.0,0.0,100.0,0.0,0.0,0.0,1.0,0.0
구좌상회,카페,-,-,3.4,제주특별자치도 제주시 구좌읍 월정리 417,33.5468086,126.78381170000002,20.0,100.0,0.0,0.0,0.0,0.0,0.0,100.0,0.0,2.0,0.0
도두해녀의집,식당,한식,"물회, 한치, 전복죽",3.4,제주특별자치도 제주시 도두1동 2587-4,33.5062012,126.4666854,7.0,0.0,0.0,0.0,0.0,0.0,0.0,0.0,100.0,0.0,1.0
늘봄흑돼지,식당,한식,"흑돼지, 흑돼지 삼겹살",3.4,제주특별자치도 제주시 노형동 2343-3,33.4795151,126.4729821,11.0,0.0,100.0,100.0,0.0,100.0,0.0,100.0,0.0,4.0,1.0
용이식당,식당,한식,두루치기,3.4,제주도 서귀포시 천지동 298-8,33.251276399999995,126.5603458,45.0,0.0,100.0,0.0,0.0,100.0,0.0,67.0,33.0,2.0,2.0
동복리 해녀촌,식당,한식,"회국수, 성게국수",3.4,제주도 제주시 구좌읍 동복리 1506,33.553627,126.71043490000001,44.0,0.0,0.0,0.0,0.0,100.0,0.0,33.0,67.0,2.0,1.0
면뽑는선생 만두빚는아내,식당,한식,"만두, 한우수육",3.4,제주특별자치도 제주시 한림읍 협재리 1398 아길라호텔 1층,33.399925,126.2495196,35.0,0.0,0.0,0.0,0.0,0.0,0.0,80.0,20.0,1.0,0.0
쌍둥이횟집,식당,일식,"횟집, 고등어회",3.4,제주도 서귀포시 서귀동 496-18,33.246589,126.5629979,46.0,0.0,100.0,0.0,0.0,100.0,0.0,80.0,20.0,2.0,2.0
김희선 몸국,식당,한식,"몸국, 고사리 육개장",3.4,제주특별자치도 제주시 용담3동 1174-1,33.5187327,126.4954179,55.0,0.0,0.0,100.0,0.0,0.0,0.0,57.0,43.0,2.0,1.0
봄날 카페,카페,-,-,3.4,제주특별자치도 제주시 애월읍 애월리 2540,33.4624594,126.3095913,44.0,0.0,0.0,0.0,0.0,0.0,0.0,0.0,100.0,0.0,1.0
바다속고등어쌈밥,식당,한식,"고등어쌈밥, 고등어 조림",3.3,제주특별자치도 제주시 애월읍 하귀리 1548,33.4863013,126.4087743,17.0,0.0,100.0,0.0,0.0,0.0,100.0,40.0,60.0,0.0,3.0
밥깡패,식당,양식,"커리, 파스타",3.3,제주특별자치도 제주시 한림읍 한림리 1534-6,33.4101259,126.263442,25.0,100.0,0.0,100.0,0.0,0.0,100.0,67.0,33.0,3.0,2.0
오설록 티 뮤지엄,카페,-,-,3.2,제주도 서귀포시 안덕면 서광리 1235-3,33.305789000000004,126.2894477,41.0,0.0,0.0,0.0,0.0,100.0,0.0,75.0,25.0,2.0,0.0
고집돌우럭 제주공항점,식당,한식,"우럭조림, 갈치조림",2.3,제주특별자치도 제주시 건입동 1319-124,33.516343199999994,126.5281752,90.0,100.0,0.0,100.0,0.0,100.0,0.0,56.0,44.0,4.0,1.0
제주김만복,식당,한식,"전복김밥, 오징어무침",3.2,제주특별자치도 서귀포시 강정동 707-2,33.232737,126.506316,67.0,0.0,0.0,0.0,0.0,33.0,67.0,43.0,57.0,1.0,2.0
흑돈가 제주본점,식당,한식,"흑돼지, 멜젓",3.2,제주도 제주시 노형동 1509,33.4800314,126.47359750000001,29.0,0.0,100.0,0.0,0.0,0.0,0.0,67.0,33.0,1.0,2.0
아라파파,카페,-,-,3.2,제주도 제주시 연동 1498-2,33.478787100000005,126.4903725,21.0,0.0,0.0,100.0,0.0,0.0,0.0,75.0,25.0,2.0,0.0
국수바다,식당,한식,"성게국수, 국수",3.2,제주특별자치도 서귀포시 색달동 2130,33.2586303,126.40606559999999,41.0,0.0,0.0,0.0,0.0,100.0,0.0,20.0,80.0,2.0,1.0
제주김만복 본점,식당,한식,"전복김밥, 오징어무침",3.2,제주특별자치도 제주시 오라3동 2250-1,33.4970489,126.50873090000002,54.0,0.0,100.0,100.0,0.0,0.0,100.0,62.0,38.0,2.0,3.0
수두리보말칼국수,식당,한식,톳보말칼국수,3.2,제주특별자치도 서귀포시 중문동 2056-2,33.2515572,126.4250625,12.0,0.0,0.0,0.0,0.0,100.0,0.0,67.0,33.0,2.0,0.0
미영이네 식당,식당,한식,"고등어탕, 고등어회",3.2,제주 서귀포시 대정읍 하모리 770-29,33.2176507,126.2499045,37.0,100.0,0.0,0.0,0.0,0.0,100.0,50.0,50.0,2.0,2.0
운정이네,식당,한식,"오분자기돌솥밥, 전복뚝배기",3.2,제주특별자치도 서귀포시 중문동 1239-5,33.2635619,126.43780749999999,4.0,0.0,0.0,0.0,0.0,0.0,100.0,0.0,100.0,0.0,2.0
하이엔드 제주,카페,-,-,3.2,제주특별자치도 제주시 애월읍 애월리 2550-2,33.4637734,126.3092905,31.0,0.0,0.0,0.0,0.0,0.0,100.0,0.0,100.0,0.0,2.0
놀맨,식당,한식,"문어라면, 해물라면",3.2,제주특별자치도 제주시 애월읍 애월리 2530,33.4624642,126.3102678,30.0,0.0,100.0,0.0,100.0,50.0,50.0,33.0,67.0,1.0,4.0
춘미향,식당,한식,"벵에돔, 두루치기",3.2,제주특별자치도 서귀포시 안덕면 사계리 2674-1,33.2313355,126.2964001,33.0,0.0,0.0,0.0,0.0,0.0,100.0,67.0,33.0,1.0,2.0
산도롱 맨도롱,식당,한식,"갈비국수, 고기국수",3.1,제주특별자치도 제주시 구좌읍 종달리 484-1,33.4921891,126.9097197,38.0,0.0,0.0,0.0,0.0,0.0,0.0,50.0,50.0,1.0,1.0
공천포식당,식당,한식,"한치물회, 물회",3.1,제주도 서귀포시 남원읍 신례리 27-5,33.2664055,126.6426731,20.0,0.0,0.0,0.0,0.0,67.0,33.0,80.0,20.0,2.0,1.0
마농치킨,식당,한식,마늘치킨,3.1,제주특별자치도 서귀포시 서귀동 278-10,33.2504227,126.56292659999998,41.0,0.0,0.0,0.0,0.0,100.0,0.0,33.0,67.0,2.0,1.0
협재해녀의집,식당,한식,해물라면,3.1,제주특별자치도 제주시 한림읍 협재리 1459-2,33.3988321,126.2440116,38.0,0.0,100.0,0.0,0.0,0.0,100.0,67.0,33.0,1.0,3.0
고객식당,식당,한식,갈치조림,3.1,제주도 제주시 이도1동 1436-7 동문시장 내 1층,33.5115818,126.526099,44.0,0.0,100.0,0.0,0.0,100.0,0.0,33.0,67.0,2.0,2.0
풍원,식당,한식,"한라산 볶음밥, 한치주물럭",3.1,제주특별자치도 제주시 우도면 연평리 2427-1,33.508338,126.9441293,28.0,0.0,0.0,0.0,0.0,0.0,100.0,100.0,0.0,1.0,1.0
신설오름,식당,한식,"몸국, 돔베고기",3.0,제주 제주시 일도2동 409-5,33.505459,126.54162990000002,15.0,0.0,0.0,0.0,100.0,0.0,0.0,0.0,100.0,0.0,2.0
우정회센타,식당,한식,"공치김밥, 고등어회",3.0,제주도 서귀포시 서귀동 276-6,33.2493117,126.5631433,52.0,0.0,0.0,100.0,0.0,100.0,0.0,75.0,25.0,3.0,0.0
협재칼국수,식당,한식,"보말칼국수, 칼국수",3.0,제주특별자치도 제주시 한림읍 협재리 1908-2,33.3968233,126.2445723,26.0,100.0,0.0,100.0,0.0,0.0,0.0,0.0,100.0,2.0,1.0
벵디,식당,한식,"돌문어덮밥, 흑돼지간장덮밥",3.0,제주특별자치도 제주시 구좌읍 평대리 2031-2,33.5377667,126.8372139,52.0,0.0,0.0,0.0,0.0,100.0,0.0,33.0,67.0,2.0,1.0
오조 해녀의 집,식당,한식,전복죽,3.0,제주특별자치도 서귀포시 성산읍 오조리 3,33.469806899999995,126.9223318,10.0,0.0,0.0,0.0,0.0,100.0,0.0,100.0,0.0,2.0,0.0
모살물,식당,한식,"객주리조림, 횟집",3.0,제주특별자치도 제주시 연동 291-10,33.4904731,126.4945135,17.0,0.0,0.0,0.0,0.0,100.0,0.0,0.0,0.0,1.0,0.0
그리운바다 성산포,식당,일식,"고등어회, 갈치회",3.0,제주특별자치도 서귀포시 성산읍 성산리 360-10,33.4697602,126.93005459999999,25.0,0.0,0.0,0.0,0.0,100.0,0.0,50.0,50.0,2.0,1.0
카페 공작소,카페,-,-,3.0,제주특별자치도 제주시 구좌읍 세화리 1477-4,33.5246648,126.85993059999998,18.0,0.0,0.0,0.0,0.0,100.0,0.0,0.0,0.0,1.0,0.0
산방산초가집,식당,한식,전복해물전골,3.0,제주특별자치도 서귀포시 안덕면 화순리 421-1,33.2455947,126.33872379999998,16.0,0.0,0.0,0.0,0.0,0.0,0.0,50.0,50.0,1.0,1.0
월정리갈비밥,식당,한식,"갈비, 갈비밥",3.0,제주특별자치도 제주시 구좌읍 월정리 8-1,33.5548185,126.79690149999999,15.0,100.0,0.0,0.0,0.0,0.0,100.0,0.0,100.0,1.0,2.0
저팔계 깡통연탄구이,식당,한식,"흑돼지, 생오겹살",3.0,제주특별자치도 제주시 조천읍 함덕리 1271,33.541698,126.666754,26.0,100.0,0.0,0.0,0.0,0.0,0.0,67.0,33.0,2.0,0.0
가시식당,식당,한식,"몸국, 두루치기",3.0,제주도 서귀포시 표선면 가시리 1898,33.353066399999996,126.7713119,5.0,0.0,0.0,0.0,0.0,0.0,0.0,50.0,50.0,1.0,1.0
닐모리 동동,카페,-,-,3.0,제주도 제주시 용담3동 2396 (오다펜션 1F),33.5176911,126.4877067,12.0,0.0,0.0,0.0,0.0,0.0,0.0,0.0,100.0,0.0,1.0
사랑분식,식당,한식,"모닥치기, 떡볶이",3.0,제주특별자치도 제주시 일도1동 1144-2,33.512638,126.5281163,22.0,0.0,0.0,0.0,0.0,0.0,100.0,100.0,0.0,1.0,1.0
연미정,식당,한식,전복돌솥밥,3.0,제주특별자치도 제주시 구좌읍 세화리 3648-4,33.5244604,126.8536124,12.0,0.0,100.0,0.0,0.0,0.0,0.0,100.0,0.0,1.0,1.0
잠녀해녀촌,식당,한식,"성게보말죽, 소라물회",3.0,제주특별자치도 제주시 조천읍 함덕리 3150-2,33.5465655,126.65963970000001,20.0,0.0,0.0,0.0,0.0,100.0,0.0,40.0,60.0,2.0,1.0
88버거,식당,양식,수제버거,2.9,제주특별자치도 서귀포시 서귀동 255-9,33.2492549,126.5672067,30.0,0.0,0.0,0.0,0.0,67.0,33.0,57.0,43.0,2.0,1.0
살롱 드 라방,카페,-,-,2.9,제주특별자치도 제주시 애월읍 하가리 1415,33.457870799999995,126.3490061,5.0,100.0,0.0,0.0,0.0,100.0,0.0,100.0,0.0,4.0,0.0
성읍 칠십리식당,식당,한식,"흑돼지, 꿩",2.9,제주특별자치도 서귀포시 표선면 성읍리 580,33.4112985,126.78192560000001,0.0,0.0,0.0,0.0,0.0,0.0,0.0,0.0,0.0,0.0,0.0
제주시새우리,식당,한식,"딱새우, 전복김밥",2.9,제주특별자치도 제주시 삼도2동 1098-3,33.514671299999996,126.5205015,36.0,0.0,0.0,100.0,0.0,0.0,0.0,25.0,75.0,2.0,1.0
다정이네,식당,한식,"김밥, 멸치김밥, 분식",2.9,제주특별자치도 서귀포시 서귀동 255-7,33.2494552,126.56697920000002,17.0,0.0,0.0,0.0,0.0,100.0,0.0,100.0,0.0,2.0,0.0
파도소리해녀촌,식당,한식,"보말칼국수, 보말죽",2.8,제주특별자치도 제주시 우도면 874-2,33.506491100000005,126.95336100000002,23.0,0.0,0.0,0.0,0.0,0.0,0.0,60.0,40.0,1.0,0.0
